month,year,kraj,monthly_min_wage
january,2008,PHA,8000
january,2008,HKK,8000
january,2008,STC,8000
january,2008,PAK,8000
january,2008,VYS,8000
january,2008,JHC,8000
january,2008,JHM,8000
january,2008,PLK,8000
january,2008,OLK,8000
january,2008,KVK,8000
january,2008,ZLK,8000
january,2008,ULK,8000
january,2008,MSK,8000
january,2008,LBK,8000
february,2008,PHA,8000
february,2008,HKK,8000
february,2008,STC,8000
february,2008,PAK,8000
february,2008,VYS,8000
february,2008,JHC,8000
february,2008,JHM,8000
february,2008,PLK,8000
february,2008,OLK,8000
february,2008,KVK,8000
february,2008,ZLK,8000
february,2008,ULK,8000
february,2008,MSK,8000
february,2008,LBK,8000
march,2008,PHA,8000
march,2008,HKK,8000
march,2008,STC,8000
march,2008,PAK,8000
march,2008,VYS,8000
march,2008,JHC,8000
march,2008,JHM,8000
march,2008,PLK,8000
march,2008,OLK,8000
march,2008,KVK,8000
march,2008,ZLK,8000
march,2008,ULK,8000
march,2008,MSK,8000
march,2008,LBK,8000
april,2008,PHA,8000
april,2008,HKK,8000
april,2008,STC,8000
april,2008,PAK,8000
april,2008,VYS,8000
april,2008,JHC,8000
april,2008,JHM,8000
april,2008,PLK,8000
april,2008,OLK,8000
april,2008,KVK,8000
april,2008,ZLK,8000
april,2008,ULK,8000
april,2008,MSK,8000
april,2008,LBK,8000
may,2008,PHA,8000
may,2008,HKK,8000
may,2008,STC,8000
may,2008,PAK,8000
may,2008,VYS,8000
may,2008,JHC,8000
may,2008,JHM,8000
may,2008,PLK,8000
may,2008,OLK,8000
may,2008,KVK,8000
may,2008,ZLK,8000
may,2008,ULK,8000
may,2008,MSK,8000
may,2008,LBK,8000
june,2008,PHA,8000
june,2008,HKK,8000
june,2008,STC,8000
june,2008,PAK,8000
june,2008,VYS,8000
june,2008,JHC,8000
june,2008,JHM,8000
june,2008,PLK,8000
june,2008,OLK,8000
june,2008,KVK,8000
june,2008,ZLK,8000
june,2008,ULK,8000
june,2008,MSK,8000
june,2008,LBK,8000
july,2008,PHA,8000
july,2008,HKK,8000
july,2008,STC,8000
july,2008,PAK,8000
july,2008,VYS,8000
july,2008,JHC,8000
july,2008,JHM,8000
july,2008,PLK,8000
july,2008,OLK,8000
july,2008,KVK,8000
july,2008,ZLK,8000
july,2008,ULK,8000
july,2008,MSK,8000
july,2008,LBK,8000
august,2008,PHA,8000
august,2008,HKK,8000
august,2008,STC,8000
august,2008,PAK,8000
august,2008,VYS,8000
august,2008,JHC,8000
august,2008,JHM,8000
august,2008,PLK,8000
august,2008,OLK,8000
august,2008,KVK,8000
august,2008,ZLK,8000
august,2008,ULK,8000
august,2008,MSK,8000
august,2008,LBK,8000
september,2008,PHA,8000
september,2008,HKK,8000
september,2008,STC,8000
september,2008,PAK,8000
september,2008,VYS,8000
september,2008,JHC,8000
september,2008,JHM,8000
september,2008,PLK,8000
september,2008,OLK,8000
september,2008,KVK,8000
september,2008,ZLK,8000
september,2008,ULK,8000
september,2008,MSK,8000
september,2008,LBK,8000
october,2008,PHA,8000
october,2008,HKK,8000
october,2008,STC,8000
october,2008,PAK,8000
october,2008,VYS,8000
october,2008,JHC,8000
october,2008,JHM,8000
october,2008,PLK,8000
october,2008,OLK,8000
october,2008,KVK,8000
october,2008,ZLK,8000
october,2008,ULK,8000
october,2008,MSK,8000
october,2008,LBK,8000
november,2008,PHA,8000
november,2008,HKK,8000
november,2008,STC,8000
november,2008,PAK,8000
november,2008,VYS,8000
november,2008,JHC,8000
november,2008,JHM,8000
november,2008,PLK,8000
november,2008,OLK,8000
november,2008,KVK,8000
november,2008,ZLK,8000
november,2008,ULK,8000
november,2008,MSK,8000
november,2008,LBK,8000
december,2008,PHA,8000
december,2008,HKK,8000
december,2008,STC,8000
december,2008,PAK,8000
december,2008,VYS,8000
december,2008,JHC,8000
december,2008,JHM,8000
december,2008,PLK,8000
december,2008,OLK,8000
december,2008,KVK,8000
december,2008,ZLK,8000
december,2008,ULK,8000
december,2008,MSK,8000
december,2008,LBK,8000
january,2009,PHA,8000
january,2009,HKK,8000
january,2009,STC,8000
january,2009,PAK,8000
january,2009,VYS,8000
january,2009,JHC,8000
january,2009,JHM,8000
january,2009,PLK,8000
january,2009,OLK,8000
january,2009,KVK,8000
january,2009,ZLK,8000
january,2009,ULK,8000
january,2009,MSK,8000
january,2009,LBK,8000
february,2009,PHA,8000
february,2009,HKK,8000
february,2009,STC,8000
february,2009,PAK,8000
february,2009,VYS,8000
february,2009,JHC,8000
february,2009,JHM,8000
february,2009,PLK,8000
february,2009,OLK,8000
february,2009,KVK,8000
february,2009,ZLK,8000
february,2009,ULK,8000
february,2009,MSK,8000
february,2009,LBK,8000
march,2009,PHA,8000
march,2009,HKK,8000
march,2009,STC,8000
march,2009,PAK,8000
march,2009,VYS,8000
march,2009,JHC,8000
march,2009,JHM,8000
march,2009,PLK,8000
march,2009,OLK,8000
march,2009,KVK,8000
march,2009,ZLK,8000
march,2009,ULK,8000
march,2009,MSK,8000
march,2009,LBK,8000
april,2009,PHA,8000
april,2009,HKK,8000
april,2009,STC,8000
april,2009,PAK,8000
april,2009,VYS,8000
april,2009,JHC,8000
april,2009,JHM,8000
april,2009,PLK,8000
april,2009,OLK,8000
april,2009,KVK,8000
april,2009,ZLK,8000
april,2009,ULK,8000
april,2009,MSK,8000
april,2009,LBK,8000
may,2009,PHA,8000
may,2009,HKK,8000
may,2009,STC,8000
may,2009,PAK,8000
may,2009,VYS,8000
may,2009,JHC,8000
may,2009,JHM,8000
may,2009,PLK,8000
may,2009,OLK,8000
may,2009,KVK,8000
may,2009,ZLK,8000
may,2009,ULK,8000
may,2009,MSK,8000
may,2009,LBK,8000
june,2009,PHA,8000
june,2009,HKK,8000
june,2009,STC,8000
june,2009,PAK,8000
june,2009,VYS,8000
june,2009,JHC,8000
june,2009,JHM,8000
june,2009,PLK,8000
june,2009,OLK,8000
june,2009,KVK,8000
june,2009,ZLK,8000
june,2009,ULK,8000
june,2009,MSK,8000
june,2009,LBK,8000
july,2009,PHA,8000
july,2009,HKK,8000
july,2009,STC,8000
july,2009,PAK,8000
july,2009,VYS,8000
july,2009,JHC,8000
july,2009,JHM,8000
july,2009,PLK,8000
july,2009,OLK,8000
july,2009,KVK,8000
july,2009,ZLK,8000
july,2009,ULK,8000
july,2009,MSK,8000
july,2009,LBK,8000
august,2009,PHA,8000
august,2009,HKK,8000
august,2009,STC,8000
august,2009,PAK,8000
august,2009,VYS,8000
august,2009,JHC,8000
august,2009,JHM,8000
august,2009,PLK,8000
august,2009,OLK,8000
august,2009,KVK,8000
august,2009,ZLK,8000
august,2009,ULK,8000
august,2009,MSK,8000
august,2009,LBK,8000
september,2009,PHA,8000
september,2009,HKK,8000
september,2009,STC,8000
september,2009,PAK,8000
september,2009,VYS,8000
september,2009,JHC,8000
september,2009,JHM,8000
september,2009,PLK,8000
september,2009,OLK,8000
september,2009,KVK,8000
september,2009,ZLK,8000
september,2009,ULK,8000
september,2009,MSK,8000
september,2009,LBK,8000
october,2009,PHA,8000
october,2009,HKK,8000
october,2009,STC,8000
october,2009,PAK,8000
october,2009,VYS,8000
october,2009,JHC,8000
october,2009,JHM,8000
october,2009,PLK,8000
october,2009,OLK,8000
october,2009,KVK,8000
october,2009,ZLK,8000
october,2009,ULK,8000
october,2009,MSK,8000
october,2009,LBK,8000
november,2009,PHA,8000
november,2009,HKK,8000
november,2009,STC,8000
november,2009,PAK,8000
november,2009,VYS,8000
november,2009,JHC,8000
november,2009,JHM,8000
november,2009,PLK,8000
november,2009,OLK,8000
november,2009,KVK,8000
november,2009,ZLK,8000
november,2009,ULK,8000
november,2009,MSK,8000
november,2009,LBK,8000
december,2009,PHA,8000
december,2009,HKK,8000
december,2009,STC,8000
december,2009,PAK,8000
december,2009,VYS,8000
december,2009,JHC,8000
december,2009,JHM,8000
december,2009,PLK,8000
december,2009,OLK,8000
december,2009,KVK,8000
december,2009,ZLK,8000
december,2009,ULK,8000
december,2009,MSK,8000
december,2009,LBK,8000
january,2010,PHA,8000
january,2010,HKK,8000
january,2010,STC,8000
january,2010,PAK,8000
january,2010,VYS,8000
january,2010,JHC,8000
january,2010,JHM,8000
january,2010,PLK,8000
january,2010,OLK,8000
january,2010,KVK,8000
january,2010,ZLK,8000
january,2010,ULK,8000
january,2010,MSK,8000
january,2010,LBK,8000
february,2010,PHA,8000
february,2010,HKK,8000
february,2010,STC,8000
february,2010,PAK,8000
february,2010,VYS,8000
february,2010,JHC,8000
february,2010,JHM,8000
february,2010,PLK,8000
february,2010,OLK,8000
february,2010,KVK,8000
february,2010,ZLK,8000
february,2010,ULK,8000
february,2010,MSK,8000
february,2010,LBK,8000
march,2010,PHA,8000
march,2010,HKK,8000
march,2010,STC,8000
march,2010,PAK,8000
march,2010,VYS,8000
march,2010,JHC,8000
march,2010,JHM,8000
march,2010,PLK,8000
march,2010,OLK,8000
march,2010,KVK,8000
march,2010,ZLK,8000
march,2010,ULK,8000
march,2010,MSK,8000
march,2010,LBK,8000
april,2010,PHA,8000
april,2010,HKK,8000
april,2010,STC,8000
april,2010,PAK,8000
april,2010,VYS,8000
april,2010,JHC,8000
april,2010,JHM,8000
april,2010,PLK,8000
april,2010,OLK,8000
april,2010,KVK,8000
april,2010,ZLK,8000
april,2010,ULK,8000
april,2010,MSK,8000
april,2010,LBK,8000
may,2010,PHA,8000
may,2010,HKK,8000
may,2010,STC,8000
may,2010,PAK,8000
may,2010,VYS,8000
may,2010,JHC,8000
may,2010,JHM,8000
may,2010,PLK,8000
may,2010,OLK,8000
may,2010,KVK,8000
may,2010,ZLK,8000
may,2010,ULK,8000
may,2010,MSK,8000
may,2010,LBK,8000
june,2010,PHA,8000
june,2010,HKK,8000
june,2010,STC,8000
june,2010,PAK,8000
june,2010,VYS,8000
june,2010,JHC,8000
june,2010,JHM,8000
june,2010,PLK,8000
june,2010,OLK,8000
june,2010,KVK,8000
june,2010,ZLK,8000
june,2010,ULK,8000
june,2010,MSK,8000
june,2010,LBK,8000
july,2010,PHA,8000
july,2010,HKK,8000
july,2010,STC,8000
july,2010,PAK,8000
july,2010,VYS,8000
july,2010,JHC,8000
july,2010,JHM,8000
july,2010,PLK,8000
july,2010,OLK,8000
july,2010,KVK,8000
july,2010,ZLK,8000
july,2010,ULK,8000
july,2010,MSK,8000
july,2010,LBK,8000
august,2010,PHA,8000
august,2010,HKK,8000
august,2010,STC,8000
august,2010,PAK,8000
august,2010,VYS,8000
august,2010,JHC,8000
august,2010,JHM,8000
august,2010,PLK,8000
august,2010,OLK,8000
august,2010,KVK,8000
august,2010,ZLK,8000
august,2010,ULK,8000
august,2010,MSK,8000
august,2010,LBK,8000
september,2010,PHA,8000
september,2010,HKK,8000
september,2010,STC,8000
september,2010,PAK,8000
september,2010,VYS,8000
september,2010,JHC,8000
september,2010,JHM,8000
september,2010,PLK,8000
september,2010,OLK,8000
september,2010,KVK,8000
september,2010,ZLK,8000
september,2010,ULK,8000
september,2010,MSK,8000
september,2010,LBK,8000
october,2010,PHA,8000
october,2010,HKK,8000
october,2010,STC,8000
october,2010,PAK,8000
october,2010,VYS,8000
october,2010,JHC,8000
october,2010,JHM,8000
october,2010,PLK,8000
october,2010,OLK,8000
october,2010,KVK,8000
october,2010,ZLK,8000
october,2010,ULK,8000
october,2010,MSK,8000
october,2010,LBK,8000
november,2010,PHA,8000
november,2010,HKK,8000
november,2010,STC,8000
november,2010,PAK,8000
november,2010,VYS,8000
november,2010,JHC,8000
november,2010,JHM,8000
november,2010,PLK,8000
november,2010,OLK,8000
november,2010,KVK,8000
november,2010,ZLK,8000
november,2010,ULK,8000
november,2010,MSK,8000
november,2010,LBK,8000
december,2010,PHA,8000
december,2010,HKK,8000
december,2010,STC,8000
december,2010,PAK,8000
december,2010,VYS,8000
december,2010,JHC,8000
december,2010,JHM,8000
december,2010,PLK,8000
december,2010,OLK,8000
december,2010,KVK,8000
december,2010,ZLK,8000
december,2010,ULK,8000
december,2010,MSK,8000
december,2010,LBK,8000
january,2011,PHA,8000
january,2011,HKK,8000
january,2011,STC,8000
january,2011,PAK,8000
january,2011,VYS,8000
january,2011,JHC,8000
january,2011,JHM,8000
january,2011,PLK,8000
january,2011,OLK,8000
january,2011,KVK,8000
january,2011,ZLK,8000
january,2011,ULK,8000
january,2011,MSK,8000
january,2011,LBK,8000
february,2011,PHA,8000
february,2011,HKK,8000
february,2011,STC,8000
february,2011,PAK,8000
february,2011,VYS,8000
february,2011,JHC,8000
february,2011,JHM,8000
february,2011,PLK,8000
february,2011,OLK,8000
february,2011,KVK,8000
february,2011,ZLK,8000
february,2011,ULK,8000
february,2011,MSK,8000
february,2011,LBK,8000
march,2011,PHA,8000
march,2011,HKK,8000
march,2011,STC,8000
march,2011,PAK,8000
march,2011,VYS,8000
march,2011,JHC,8000
march,2011,JHM,8000
march,2011,PLK,8000
march,2011,OLK,8000
march,2011,KVK,8000
march,2011,ZLK,8000
march,2011,ULK,8000
march,2011,MSK,8000
march,2011,LBK,8000
april,2011,PHA,8000
april,2011,HKK,8000
april,2011,STC,8000
april,2011,PAK,8000
april,2011,VYS,8000
april,2011,JHC,8000
april,2011,JHM,8000
april,2011,PLK,8000
april,2011,OLK,8000
april,2011,KVK,8000
april,2011,ZLK,8000
april,2011,ULK,8000
april,2011,MSK,8000
april,2011,LBK,8000
may,2011,PHA,8000
may,2011,HKK,8000
may,2011,STC,8000
may,2011,PAK,8000
may,2011,VYS,8000
may,2011,JHC,8000
may,2011,JHM,8000
may,2011,PLK,8000
may,2011,OLK,8000
may,2011,KVK,8000
may,2011,ZLK,8000
may,2011,ULK,8000
may,2011,MSK,8000
may,2011,LBK,8000
june,2011,PHA,8000
june,2011,HKK,8000
june,2011,STC,8000
june,2011,PAK,8000
june,2011,VYS,8000
june,2011,JHC,8000
june,2011,JHM,8000
june,2011,PLK,8000
june,2011,OLK,8000
june,2011,KVK,8000
june,2011,ZLK,8000
june,2011,ULK,8000
june,2011,MSK,8000
june,2011,LBK,8000
july,2011,PHA,8000
july,2011,HKK,8000
july,2011,STC,8000
july,2011,PAK,8000
july,2011,VYS,8000
july,2011,JHC,8000
july,2011,JHM,8000
july,2011,PLK,8000
july,2011,OLK,8000
july,2011,KVK,8000
july,2011,ZLK,8000
july,2011,ULK,8000
july,2011,MSK,8000
july,2011,LBK,8000
august,2011,PHA,8000
august,2011,HKK,8000
august,2011,STC,8000
august,2011,PAK,8000
august,2011,VYS,8000
august,2011,JHC,8000
august,2011,JHM,8000
august,2011,PLK,8000
august,2011,OLK,8000
august,2011,KVK,8000
august,2011,ZLK,8000
august,2011,ULK,8000
august,2011,MSK,8000
august,2011,LBK,8000
september,2011,PHA,8000
september,2011,HKK,8000
september,2011,STC,8000
september,2011,PAK,8000
september,2011,VYS,8000
september,2011,JHC,8000
september,2011,JHM,8000
september,2011,PLK,8000
september,2011,OLK,8000
september,2011,KVK,8000
september,2011,ZLK,8000
september,2011,ULK,8000
september,2011,MSK,8000
september,2011,LBK,8000
october,2011,PHA,8000
october,2011,HKK,8000
october,2011,STC,8000
october,2011,PAK,8000
october,2011,VYS,8000
october,2011,JHC,8000
october,2011,JHM,8000
october,2011,PLK,8000
october,2011,OLK,8000
october,2011,KVK,8000
october,2011,ZLK,8000
october,2011,ULK,8000
october,2011,MSK,8000
october,2011,LBK,8000
november,2011,PHA,8000
november,2011,HKK,8000
november,2011,STC,8000
november,2011,PAK,8000
november,2011,VYS,8000
november,2011,JHC,8000
november,2011,JHM,8000
november,2011,PLK,8000
november,2011,OLK,8000
november,2011,KVK,8000
november,2011,ZLK,8000
november,2011,ULK,8000
november,2011,MSK,8000
november,2011,LBK,8000
december,2011,PHA,8000
december,2011,HKK,8000
december,2011,STC,8000
december,2011,PAK,8000
december,2011,VYS,8000
december,2011,JHC,8000
december,2011,JHM,8000
december,2011,PLK,8000
december,2011,OLK,8000
december,2011,KVK,8000
december,2011,ZLK,8000
december,2011,ULK,8000
december,2011,MSK,8000
december,2011,LBK,8000
january,2012,PHA,8000
january,2012,HKK,8000
january,2012,STC,8000
january,2012,PAK,8000
january,2012,VYS,8000
january,2012,JHC,8000
january,2012,JHM,8000
january,2012,PLK,8000
january,2012,OLK,8000
january,2012,KVK,8000
january,2012,ZLK,8000
january,2012,ULK,8000
january,2012,MSK,8000
january,2012,LBK,8000
february,2012,PHA,8000
february,2012,HKK,8000
february,2012,STC,8000
february,2012,PAK,8000
february,2012,VYS,8000
february,2012,JHC,8000
february,2012,JHM,8000
february,2012,PLK,8000
february,2012,OLK,8000
february,2012,KVK,8000
february,2012,ZLK,8000
february,2012,ULK,8000
february,2012,MSK,8000
february,2012,LBK,8000
march,2012,PHA,8000
march,2012,HKK,8000
march,2012,STC,8000
march,2012,PAK,8000
march,2012,VYS,8000
march,2012,JHC,8000
march,2012,JHM,8000
march,2012,PLK,8000
march,2012,OLK,8000
march,2012,KVK,8000
march,2012,ZLK,8000
march,2012,ULK,8000
march,2012,MSK,8000
march,2012,LBK,8000
april,2012,PHA,8000
april,2012,HKK,8000
april,2012,STC,8000
april,2012,PAK,8000
april,2012,VYS,8000
april,2012,JHC,8000
april,2012,JHM,8000
april,2012,PLK,8000
april,2012,OLK,8000
april,2012,KVK,8000
april,2012,ZLK,8000
april,2012,ULK,8000
april,2012,MSK,8000
april,2012,LBK,8000
may,2012,PHA,8000
may,2012,HKK,8000
may,2012,STC,8000
may,2012,PAK,8000
may,2012,VYS,8000
may,2012,JHC,8000
may,2012,JHM,8000
may,2012,PLK,8000
may,2012,OLK,8000
may,2012,KVK,8000
may,2012,ZLK,8000
may,2012,ULK,8000
may,2012,MSK,8000
may,2012,LBK,8000
june,2012,PHA,8000
june,2012,HKK,8000
june,2012,STC,8000
june,2012,PAK,8000
june,2012,VYS,8000
june,2012,JHC,8000
june,2012,JHM,8000
june,2012,PLK,8000
june,2012,OLK,8000
june,2012,KVK,8000
june,2012,ZLK,8000
june,2012,ULK,8000
june,2012,MSK,8000
june,2012,LBK,8000
july,2012,PHA,8000
july,2012,HKK,8000
july,2012,STC,8000
july,2012,PAK,8000
july,2012,VYS,8000
july,2012,JHC,8000
july,2012,JHM,8000
july,2012,PLK,8000
july,2012,OLK,8000
july,2012,KVK,8000
july,2012,ZLK,8000
july,2012,ULK,8000
july,2012,MSK,8000
july,2012,LBK,8000
august,2012,PHA,8000
august,2012,HKK,8000
august,2012,STC,8000
august,2012,PAK,8000
august,2012,VYS,8000
august,2012,JHC,8000
august,2012,JHM,8000
august,2012,PLK,8000
august,2012,OLK,8000
august,2012,KVK,8000
august,2012,ZLK,8000
august,2012,ULK,8000
august,2012,MSK,8000
august,2012,LBK,8000
september,2012,PHA,8000
september,2012,HKK,8000
september,2012,STC,8000
september,2012,PAK,8000
september,2012,VYS,8000
september,2012,JHC,8000
september,2012,JHM,8000
september,2012,PLK,8000
september,2012,OLK,8000
september,2012,KVK,8000
september,2012,ZLK,8000
september,2012,ULK,8000
september,2012,MSK,8000
september,2012,LBK,8000
october,2012,PHA,8000
october,2012,HKK,8000
october,2012,STC,8000
october,2012,PAK,8000
october,2012,VYS,8000
october,2012,JHC,8000
october,2012,JHM,8000
october,2012,PLK,8000
october,2012,OLK,8000
october,2012,KVK,8000
october,2012,ZLK,8000
october,2012,ULK,8000
october,2012,MSK,8000
october,2012,LBK,8000
november,2012,PHA,8000
november,2012,HKK,8000
november,2012,STC,8000
november,2012,PAK,8000
november,2012,VYS,8000
november,2012,JHC,8000
november,2012,JHM,8000
november,2012,PLK,8000
november,2012,OLK,8000
november,2012,KVK,8000
november,2012,ZLK,8000
november,2012,ULK,8000
november,2012,MSK,8000
november,2012,LBK,8000
december,2012,PHA,8000
december,2012,HKK,8000
december,2012,STC,8000
december,2012,PAK,8000
december,2012,VYS,8000
december,2012,JHC,8000
december,2012,JHM,8000
december,2012,PLK,8000
december,2012,OLK,8000
december,2012,KVK,8000
december,2012,ZLK,8000
december,2012,ULK,8000
december,2012,MSK,8000
december,2012,LBK,8000
january,2013,PHA,8000
january,2013,HKK,8000
january,2013,STC,8000
january,2013,PAK,8000
january,2013,VYS,8000
january,2013,JHC,8000
january,2013,JHM,8000
january,2013,PLK,8000
january,2013,OLK,8000
january,2013,KVK,8000
january,2013,ZLK,8000
january,2013,ULK,8000
january,2013,MSK,8000
january,2013,LBK,8000
february,2013,PHA,8000
february,2013,HKK,8000
february,2013,STC,8000
february,2013,PAK,8000
february,2013,VYS,8000
february,2013,JHC,8000
february,2013,JHM,8000
february,2013,PLK,8000
february,2013,OLK,8000
february,2013,KVK,8000
february,2013,ZLK,8000
february,2013,ULK,8000
february,2013,MSK,8000
february,2013,LBK,8000
march,2013,PHA,8000
march,2013,HKK,8000
march,2013,STC,8000
march,2013,PAK,8000
march,2013,VYS,8000
march,2013,JHC,8000
march,2013,JHM,8000
march,2013,PLK,8000
march,2013,OLK,8000
march,2013,KVK,8000
march,2013,ZLK,8000
march,2013,ULK,8000
march,2013,MSK,8000
march,2013,LBK,8000
april,2013,PHA,8000
april,2013,HKK,8000
april,2013,STC,8000
april,2013,PAK,8000
april,2013,VYS,8000
april,2013,JHC,8000
april,2013,JHM,8000
april,2013,PLK,8000
april,2013,OLK,8000
april,2013,KVK,8000
april,2013,ZLK,8000
april,2013,ULK,8000
april,2013,MSK,8000
april,2013,LBK,8000
may,2013,PHA,8000
may,2013,HKK,8000
may,2013,STC,8000
may,2013,PAK,8000
may,2013,VYS,8000
may,2013,JHC,8000
may,2013,JHM,8000
may,2013,PLK,8000
may,2013,OLK,8000
may,2013,KVK,8000
may,2013,ZLK,8000
may,2013,ULK,8000
may,2013,MSK,8000
may,2013,LBK,8000
june,2013,PHA,8000
june,2013,HKK,8000
june,2013,STC,8000
june,2013,PAK,8000
june,2013,VYS,8000
june,2013,JHC,8000
june,2013,JHM,8000
june,2013,PLK,8000
june,2013,OLK,8000
june,2013,KVK,8000
june,2013,ZLK,8000
june,2013,ULK,8000
june,2013,MSK,8000
june,2013,LBK,8000
july,2013,PHA,8000
july,2013,HKK,8000
july,2013,STC,8000
july,2013,PAK,8000
july,2013,VYS,8000
july,2013,JHC,8000
july,2013,JHM,8000
july,2013,PLK,8000
july,2013,OLK,8000
july,2013,KVK,8000
july,2013,ZLK,8000
july,2013,ULK,8000
july,2013,MSK,8000
july,2013,LBK,8000
august,2013,PHA,8500
august,2013,HKK,8500
august,2013,STC,8500
august,2013,PAK,8500
august,2013,VYS,8500
august,2013,JHC,8500
august,2013,JHM,8500
august,2013,PLK,8500
august,2013,OLK,8500
august,2013,KVK,8500
august,2013,ZLK,8500
august,2013,ULK,8500
august,2013,MSK,8500
august,2013,LBK,8500
september,2013,PHA,8500
september,2013,HKK,8500
september,2013,STC,8500
september,2013,PAK,8500
september,2013,VYS,8500
september,2013,JHC,8500
september,2013,JHM,8500
september,2013,PLK,8500
september,2013,OLK,8500
september,2013,KVK,8500
september,2013,ZLK,8500
september,2013,ULK,8500
september,2013,MSK,8500
september,2013,LBK,8500
october,2013,PHA,8500
october,2013,HKK,8500
october,2013,STC,8500
october,2013,PAK,8500
october,2013,VYS,8500
october,2013,JHC,8500
october,2013,JHM,8500
october,2013,PLK,8500
october,2013,OLK,8500
october,2013,KVK,8500
october,2013,ZLK,8500
october,2013,ULK,8500
october,2013,MSK,8500
october,2013,LBK,8500
november,2013,PHA,8500
november,2013,HKK,8500
november,2013,STC,8500
november,2013,PAK,8500
november,2013,VYS,8500
november,2013,JHC,8500
november,2013,JHM,8500
november,2013,PLK,8500
november,2013,OLK,8500
november,2013,KVK,8500
november,2013,ZLK,8500
november,2013,ULK,8500
november,2013,MSK,8500
november,2013,LBK,8500
december,2013,PHA,8500
december,2013,HKK,8500
december,2013,STC,8500
december,2013,PAK,8500
december,2013,VYS,8500
december,2013,JHC,8500
december,2013,JHM,8500
december,2013,PLK,8500
december,2013,OLK,8500
december,2013,KVK,8500
december,2013,ZLK,8500
december,2013,ULK,8500
december,2013,MSK,8500
december,2013,LBK,8500
january,2014,PHA,8500
january,2014,HKK,8500
january,2014,STC,8500
january,2014,PAK,8500
january,2014,VYS,8500
january,2014,JHC,8500
january,2014,JHM,8500
january,2014,PLK,8500
january,2014,OLK,8500
january,2014,KVK,8500
january,2014,ZLK,8500
january,2014,ULK,8500
january,2014,MSK,8500
january,2014,LBK,8500
february,2014,PHA,8500
february,2014,HKK,8500
february,2014,STC,8500
february,2014,PAK,8500
february,2014,VYS,8500
february,2014,JHC,8500
february,2014,JHM,8500
february,2014,PLK,8500
february,2014,OLK,8500
february,2014,KVK,8500
february,2014,ZLK,8500
february,2014,ULK,8500
february,2014,MSK,8500
february,2014,LBK,8500
march,2014,PHA,8500
march,2014,HKK,8500
march,2014,STC,8500
march,2014,PAK,8500
march,2014,VYS,8500
march,2014,JHC,8500
march,2014,JHM,8500
march,2014,PLK,8500
march,2014,OLK,8500
march,2014,KVK,8500
march,2014,ZLK,8500
march,2014,ULK,8500
march,2014,MSK,8500
march,2014,LBK,8500
april,2014,PHA,8500
april,2014,HKK,8500
april,2014,STC,8500
april,2014,PAK,8500
april,2014,VYS,8500
april,2014,JHC,8500
april,2014,JHM,8500
april,2014,PLK,8500
april,2014,OLK,8500
april,2014,KVK,8500
april,2014,ZLK,8500
april,2014,ULK,8500
april,2014,MSK,8500
april,2014,LBK,8500
may,2014,PHA,8500
may,2014,HKK,8500
may,2014,STC,8500
may,2014,PAK,8500
may,2014,VYS,8500
may,2014,JHC,8500
may,2014,JHM,8500
may,2014,PLK,8500
may,2014,OLK,8500
may,2014,KVK,8500
may,2014,ZLK,8500
may,2014,ULK,8500
may,2014,MSK,8500
may,2014,LBK,8500
june,2014,PHA,8500
june,2014,HKK,8500
june,2014,STC,8500
june,2014,PAK,8500
june,2014,VYS,8500
june,2014,JHC,8500
june,2014,JHM,8500
june,2014,PLK,8500
june,2014,OLK,8500
june,2014,KVK,8500
june,2014,ZLK,8500
june,2014,ULK,8500
june,2014,MSK,8500
june,2014,LBK,8500
july,2014,PHA,8500
july,2014,HKK,8500
july,2014,STC,8500
july,2014,PAK,8500
july,2014,VYS,8500
july,2014,JHC,8500
july,2014,JHM,8500
july,2014,PLK,8500
july,2014,OLK,8500
july,2014,KVK,8500
july,2014,ZLK,8500
july,2014,ULK,8500
july,2014,MSK,8500
july,2014,LBK,8500
august,2014,PHA,8500
august,2014,HKK,8500
august,2014,STC,8500
august,2014,PAK,8500
august,2014,VYS,8500
august,2014,JHC,8500
august,2014,JHM,8500
august,2014,PLK,8500
august,2014,OLK,8500
august,2014,KVK,8500
august,2014,ZLK,8500
august,2014,ULK,8500
august,2014,MSK,8500
august,2014,LBK,8500
september,2014,PHA,8500
september,2014,HKK,8500
september,2014,STC,8500
september,2014,PAK,8500
september,2014,VYS,8500
september,2014,JHC,8500
september,2014,JHM,8500
september,2014,PLK,8500
september,2014,OLK,8500
september,2014,KVK,8500
september,2014,ZLK,8500
september,2014,ULK,8500
september,2014,MSK,8500
september,2014,LBK,8500
october,2014,PHA,8500
october,2014,HKK,8500
october,2014,STC,8500
october,2014,PAK,8500
october,2014,VYS,8500
october,2014,JHC,8500
october,2014,JHM,8500
october,2014,PLK,8500
october,2014,OLK,8500
october,2014,KVK,8500
october,2014,ZLK,8500
october,2014,ULK,8500
october,2014,MSK,8500
october,2014,LBK,8500
november,2014,PHA,8500
november,2014,HKK,8500
november,2014,STC,8500
november,2014,PAK,8500
november,2014,VYS,8500
november,2014,JHC,8500
november,2014,JHM,8500
november,2014,PLK,8500
november,2014,OLK,8500
november,2014,KVK,8500
november,2014,ZLK,8500
november,2014,ULK,8500
november,2014,MSK,8500
november,2014,LBK,8500
december,2014,PHA,8500
december,2014,HKK,8500
december,2014,STC,8500
december,2014,PAK,8500
december,2014,VYS,8500
december,2014,JHC,8500
december,2014,JHM,8500
december,2014,PLK,8500
december,2014,OLK,8500
december,2014,KVK,8500
december,2014,ZLK,8500
december,2014,ULK,8500
december,2014,MSK,8500
december,2014,LBK,8500
january,2015,PHA,9200
january,2015,HKK,9200
january,2015,STC,9200
january,2015,PAK,9200
january,2015,VYS,9200
january,2015,JHC,9200
january,2015,JHM,9200
january,2015,PLK,9200
january,2015,OLK,9200
january,2015,KVK,9200
january,2015,ZLK,9200
january,2015,ULK,9200
january,2015,MSK,9200
january,2015,LBK,9200
february,2015,PHA,9200
february,2015,HKK,9200
february,2015,STC,9200
february,2015,PAK,9200
february,2015,VYS,9200
february,2015,JHC,9200
february,2015,JHM,9200
february,2015,PLK,9200
february,2015,OLK,9200
february,2015,KVK,9200
february,2015,ZLK,9200
february,2015,ULK,9200
february,2015,MSK,9200
february,2015,LBK,9200
march,2015,PHA,9200
march,2015,HKK,9200
march,2015,STC,9200
march,2015,PAK,9200
march,2015,VYS,9200
march,2015,JHC,9200
march,2015,JHM,9200
march,2015,PLK,9200
march,2015,OLK,9200
march,2015,KVK,9200
march,2015,ZLK,9200
march,2015,ULK,9200
march,2015,MSK,9200
march,2015,LBK,9200
april,2015,PHA,9200
april,2015,HKK,9200
april,2015,STC,9200
april,2015,PAK,9200
april,2015,VYS,9200
april,2015,JHC,9200
april,2015,JHM,9200
april,2015,PLK,9200
april,2015,OLK,9200
april,2015,KVK,9200
april,2015,ZLK,9200
april,2015,ULK,9200
april,2015,MSK,9200
april,2015,LBK,9200
may,2015,PHA,9200
may,2015,HKK,9200
may,2015,STC,9200
may,2015,PAK,9200
may,2015,VYS,9200
may,2015,JHC,9200
may,2015,JHM,9200
may,2015,PLK,9200
may,2015,OLK,9200
may,2015,KVK,9200
may,2015,ZLK,9200
may,2015,ULK,9200
may,2015,MSK,9200
may,2015,LBK,9200
june,2015,PHA,9200
june,2015,HKK,9200
june,2015,STC,9200
june,2015,PAK,9200
june,2015,VYS,9200
june,2015,JHC,9200
june,2015,JHM,9200
june,2015,PLK,9200
june,2015,OLK,9200
june,2015,KVK,9200
june,2015,ZLK,9200
june,2015,ULK,9200
june,2015,MSK,9200
june,2015,LBK,9200
july,2015,PHA,9200
july,2015,HKK,9200
july,2015,STC,9200
july,2015,PAK,9200
july,2015,VYS,9200
july,2015,JHC,9200
july,2015,JHM,9200
july,2015,PLK,9200
july,2015,OLK,9200
july,2015,KVK,9200
july,2015,ZLK,9200
july,2015,ULK,9200
july,2015,MSK,9200
july,2015,LBK,9200
august,2015,PHA,9200
august,2015,HKK,9200
august,2015,STC,9200
august,2015,PAK,9200
august,2015,VYS,9200
august,2015,JHC,9200
august,2015,JHM,9200
august,2015,PLK,9200
august,2015,OLK,9200
august,2015,KVK,9200
august,2015,ZLK,9200
august,2015,ULK,9200
august,2015,MSK,9200
august,2015,LBK,9200
september,2015,PHA,9200
september,2015,HKK,9200
september,2015,STC,9200
september,2015,PAK,9200
september,2015,VYS,9200
september,2015,JHC,9200
september,2015,JHM,9200
september,2015,PLK,9200
september,2015,OLK,9200
september,2015,KVK,9200
september,2015,ZLK,9200
september,2015,ULK,9200
september,2015,MSK,9200
september,2015,LBK,9200
october,2015,PHA,9200
october,2015,HKK,9200
october,2015,STC,9200
october,2015,PAK,9200
october,2015,VYS,9200
october,2015,JHC,9200
october,2015,JHM,9200
october,2015,PLK,9200
october,2015,OLK,9200
october,2015,KVK,9200
october,2015,ZLK,9200
october,2015,ULK,9200
october,2015,MSK,9200
october,2015,LBK,9200
november,2015,PHA,9200
november,2015,HKK,9200
november,2015,STC,9200
november,2015,PAK,9200
november,2015,VYS,9200
november,2015,JHC,9200
november,2015,JHM,9200
november,2015,PLK,9200
november,2015,OLK,9200
november,2015,KVK,9200
november,2015,ZLK,9200
november,2015,ULK,9200
november,2015,MSK,9200
november,2015,LBK,9200
december,2015,PHA,9200
december,2015,HKK,9200
december,2015,STC,9200
december,2015,PAK,9200
december,2015,VYS,9200
december,2015,JHC,9200
december,2015,JHM,9200
december,2015,PLK,9200
december,2015,OLK,9200
december,2015,KVK,9200
december,2015,ZLK,9200
december,2015,ULK,9200
december,2015,MSK,9200
december,2015,LBK,9200
january,2016,PHA,9900
january,2016,HKK,9900
january,2016,STC,9900
january,2016,PAK,9900
january,2016,VYS,9900
january,2016,JHC,9900
january,2016,JHM,9900
january,2016,PLK,9900
january,2016,OLK,9900
january,2016,KVK,9900
january,2016,ZLK,9900
january,2016,ULK,9900
january,2016,MSK,9900
january,2016,LBK,9900
february,2016,PHA,9900
february,2016,HKK,9900
february,2016,STC,9900
february,2016,PAK,9900
february,2016,VYS,9900
february,2016,JHC,9900
february,2016,JHM,9900
february,2016,PLK,9900
february,2016,OLK,9900
february,2016,KVK,9900
february,2016,ZLK,9900
february,2016,ULK,9900
february,2016,MSK,9900
february,2016,LBK,9900
march,2016,PHA,9900
march,2016,HKK,9900
march,2016,STC,9900
march,2016,PAK,9900
march,2016,VYS,9900
march,2016,JHC,9900
march,2016,JHM,9900
march,2016,PLK,9900
march,2016,OLK,9900
march,2016,KVK,9900
march,2016,ZLK,9900
march,2016,ULK,9900
march,2016,MSK,9900
march,2016,LBK,9900
april,2016,PHA,9900
april,2016,HKK,9900
april,2016,STC,9900
april,2016,PAK,9900
april,2016,VYS,9900
april,2016,JHC,9900
april,2016,JHM,9900
april,2016,PLK,9900
april,2016,OLK,9900
april,2016,KVK,9900
april,2016,ZLK,9900
april,2016,ULK,9900
april,2016,MSK,9900
april,2016,LBK,9900
may,2016,PHA,9900
may,2016,HKK,9900
may,2016,STC,9900
may,2016,PAK,9900
may,2016,VYS,9900
may,2016,JHC,9900
may,2016,JHM,9900
may,2016,PLK,9900
may,2016,OLK,9900
may,2016,KVK,9900
may,2016,ZLK,9900
may,2016,ULK,9900
may,2016,MSK,9900
may,2016,LBK,9900
june,2016,PHA,9900
june,2016,HKK,9900
june,2016,STC,9900
june,2016,PAK,9900
june,2016,VYS,9900
june,2016,JHC,9900
june,2016,JHM,9900
june,2016,PLK,9900
june,2016,OLK,9900
june,2016,KVK,9900
june,2016,ZLK,9900
june,2016,ULK,9900
june,2016,MSK,9900
june,2016,LBK,9900
july,2016,PHA,9900
july,2016,HKK,9900
july,2016,STC,9900
july,2016,PAK,9900
july,2016,VYS,9900
july,2016,JHC,9900
july,2016,JHM,9900
july,2016,PLK,9900
july,2016,OLK,9900
july,2016,KVK,9900
july,2016,ZLK,9900
july,2016,ULK,9900
july,2016,MSK,9900
july,2016,LBK,9900
august,2016,PHA,9900
august,2016,HKK,9900
august,2016,STC,9900
august,2016,PAK,9900
august,2016,VYS,9900
august,2016,JHC,9900
august,2016,JHM,9900
august,2016,PLK,9900
august,2016,OLK,9900
august,2016,KVK,9900
august,2016,ZLK,9900
august,2016,ULK,9900
august,2016,MSK,9900
august,2016,LBK,9900
september,2016,PHA,9900
september,2016,HKK,9900
september,2016,STC,9900
september,2016,PAK,9900
september,2016,VYS,9900
september,2016,JHC,9900
september,2016,JHM,9900
september,2016,PLK,9900
september,2016,OLK,9900
september,2016,KVK,9900
september,2016,ZLK,9900
september,2016,ULK,9900
september,2016,MSK,9900
september,2016,LBK,9900
october,2016,PHA,9900
october,2016,HKK,9900
october,2016,STC,9900
october,2016,PAK,9900
october,2016,VYS,9900
october,2016,JHC,9900
october,2016,JHM,9900
october,2016,PLK,9900
october,2016,OLK,9900
october,2016,KVK,9900
october,2016,ZLK,9900
october,2016,ULK,9900
october,2016,MSK,9900
october,2016,LBK,9900
november,2016,PHA,9900
november,2016,HKK,9900
november,2016,STC,9900
november,2016,PAK,9900
november,2016,VYS,9900
november,2016,JHC,9900
november,2016,JHM,9900
november,2016,PLK,9900
november,2016,OLK,9900
november,2016,KVK,9900
november,2016,ZLK,9900
november,2016,ULK,9900
november,2016,MSK,9900
november,2016,LBK,9900
december,2016,PHA,9900
december,2016,HKK,9900
december,2016,STC,9900
december,2016,PAK,9900
december,2016,VYS,9900
december,2016,JHC,9900
december,2016,JHM,9900
december,2016,PLK,9900
december,2016,OLK,9900
december,2016,KVK,9900
december,2016,ZLK,9900
december,2016,ULK,9900
december,2016,MSK,9900
december,2016,LBK,9900
january,2017,PHA,11000
january,2017,HKK,11000
january,2017,STC,11000
january,2017,PAK,11000
january,2017,VYS,11000
january,2017,JHC,11000
january,2017,JHM,11000
january,2017,PLK,11000
january,2017,OLK,11000
january,2017,KVK,11000
january,2017,ZLK,11000
january,2017,ULK,11000
january,2017,MSK,11000
january,2017,LBK,11000
february,2017,PHA,11000
february,2017,HKK,11000
february,2017,STC,11000
february,2017,PAK,11000
february,2017,VYS,11000
february,2017,JHC,11000
february,2017,JHM,11000
february,2017,PLK,11000
february,2017,OLK,11000
february,2017,KVK,11000
february,2017,ZLK,11000
february,2017,ULK,11000
february,2017,MSK,11000
february,2017,LBK,11000
march,2017,PHA,11000
march,2017,HKK,11000
march,2017,STC,11000
march,2017,PAK,11000
march,2017,VYS,11000
march,2017,JHC,11000
march,2017,JHM,11000
march,2017,PLK,11000
march,2017,OLK,11000
march,2017,KVK,11000
march,2017,ZLK,11000
march,2017,ULK,11000
march,2017,MSK,11000
march,2017,LBK,11000
april,2017,PHA,11000
april,2017,HKK,11000
april,2017,STC,11000
april,2017,PAK,11000
april,2017,VYS,11000
april,2017,JHC,11000
april,2017,JHM,11000
april,2017,PLK,11000
april,2017,OLK,11000
april,2017,KVK,11000
april,2017,ZLK,11000
april,2017,ULK,11000
april,2017,MSK,11000
april,2017,LBK,11000
may,2017,PHA,11000
may,2017,HKK,11000
may,2017,STC,11000
may,2017,PAK,11000
may,2017,VYS,11000
may,2017,JHC,11000
may,2017,JHM,11000
may,2017,PLK,11000
may,2017,OLK,11000
may,2017,KVK,11000
may,2017,ZLK,11000
may,2017,ULK,11000
may,2017,MSK,11000
may,2017,LBK,11000
june,2017,PHA,11000
june,2017,HKK,11000
june,2017,STC,11000
june,2017,PAK,11000
june,2017,VYS,11000
june,2017,JHC,11000
june,2017,JHM,11000
june,2017,PLK,11000
june,2017,OLK,11000
june,2017,KVK,11000
june,2017,ZLK,11000
june,2017,ULK,11000
june,2017,MSK,11000
june,2017,LBK,11000
july,2017,PHA,11000
july,2017,HKK,11000
july,2017,STC,11000
july,2017,PAK,11000
july,2017,VYS,11000
july,2017,JHC,11000
july,2017,JHM,11000
july,2017,PLK,11000
july,2017,OLK,11000
july,2017,KVK,11000
july,2017,ZLK,11000
july,2017,ULK,11000
july,2017,MSK,11000
july,2017,LBK,11000
august,2017,PHA,11000
august,2017,HKK,11000
august,2017,STC,11000
august,2017,PAK,11000
august,2017,VYS,11000
august,2017,JHC,11000
august,2017,JHM,11000
august,2017,PLK,11000
august,2017,OLK,11000
august,2017,KVK,11000
august,2017,ZLK,11000
august,2017,ULK,11000
august,2017,MSK,11000
august,2017,LBK,11000
september,2017,PHA,11000
september,2017,HKK,11000
september,2017,STC,11000
september,2017,PAK,11000
september,2017,VYS,11000
september,2017,JHC,11000
september,2017,JHM,11000
september,2017,PLK,11000
september,2017,OLK,11000
september,2017,KVK,11000
september,2017,ZLK,11000
september,2017,ULK,11000
september,2017,MSK,11000
september,2017,LBK,11000
october,2017,PHA,11000
october,2017,HKK,11000
october,2017,STC,11000
october,2017,PAK,11000
october,2017,VYS,11000
october,2017,JHC,11000
october,2017,JHM,11000
october,2017,PLK,11000
october,2017,OLK,11000
october,2017,KVK,11000
october,2017,ZLK,11000
october,2017,ULK,11000
october,2017,MSK,11000
october,2017,LBK,11000
november,2017,PHA,11000
november,2017,HKK,11000
november,2017,STC,11000
november,2017,PAK,11000
november,2017,VYS,11000
november,2017,JHC,11000
november,2017,JHM,11000
november,2017,PLK,11000
november,2017,OLK,11000
november,2017,KVK,11000
november,2017,ZLK,11000
november,2017,ULK,11000
november,2017,MSK,11000
november,2017,LBK,11000
december,2017,PHA,11000
december,2017,HKK,11000
december,2017,STC,11000
december,2017,PAK,11000
december,2017,VYS,11000
december,2017,JHC,11000
december,2017,JHM,11000
december,2017,PLK,11000
december,2017,OLK,11000
december,2017,KVK,11000
december,2017,ZLK,11000
december,2017,ULK,11000
december,2017,MSK,11000
december,2017,LBK,11000
january,2018,PHA,12200
january,2018,HKK,12200
january,2018,STC,12200
january,2018,PAK,12200
january,2018,VYS,12200
january,2018,JHC,12200
january,2018,JHM,12200
january,2018,PLK,12200
january,2018,OLK,12200
january,2018,KVK,12200
january,2018,ZLK,12200
january,2018,ULK,12200
january,2018,MSK,12200
january,2018,LBK,12200
february,2018,PHA,12200
february,2018,HKK,12200
february,2018,STC,12200
february,2018,PAK,12200
february,2018,VYS,12200
february,2018,JHC,12200
february,2018,JHM,12200
february,2018,PLK,12200
february,2018,OLK,12200
february,2018,KVK,12200
february,2018,ZLK,12200
february,2018,ULK,12200
february,2018,MSK,12200
february,2018,LBK,12200
march,2018,PHA,12200
march,2018,HKK,12200
march,2018,STC,12200
march,2018,PAK,12200
march,2018,VYS,12200
march,2018,JHC,12200
march,2018,JHM,12200
march,2018,PLK,12200
march,2018,OLK,12200
march,2018,KVK,12200
march,2018,ZLK,12200
march,2018,ULK,12200
march,2018,MSK,12200
march,2018,LBK,12200
april,2018,PHA,12200
april,2018,HKK,12200
april,2018,STC,12200
april,2018,PAK,12200
april,2018,VYS,12200
april,2018,JHC,12200
april,2018,JHM,12200
april,2018,PLK,12200
april,2018,OLK,12200
april,2018,KVK,12200
april,2018,ZLK,12200
april,2018,ULK,12200
april,2018,MSK,12200
april,2018,LBK,12200
may,2018,PHA,12200
may,2018,HKK,12200
may,2018,STC,12200
may,2018,PAK,12200
may,2018,VYS,12200
may,2018,JHC,12200
may,2018,JHM,12200
may,2018,PLK,12200
may,2018,OLK,12200
may,2018,KVK,12200
may,2018,ZLK,12200
may,2018,ULK,12200
may,2018,MSK,12200
may,2018,LBK,12200
june,2018,PHA,12200
june,2018,HKK,12200
june,2018,STC,12200
june,2018,PAK,12200
june,2018,VYS,12200
june,2018,JHC,12200
june,2018,JHM,12200
june,2018,PLK,12200
june,2018,OLK,12200
june,2018,KVK,12200
june,2018,ZLK,12200
june,2018,ULK,12200
june,2018,MSK,12200
june,2018,LBK,12200
july,2018,PHA,12200
july,2018,HKK,12200
july,2018,STC,12200
july,2018,PAK,12200
july,2018,VYS,12200
july,2018,JHC,12200
july,2018,JHM,12200
july,2018,PLK,12200
july,2018,OLK,12200
july,2018,KVK,12200
july,2018,ZLK,12200
july,2018,ULK,12200
july,2018,MSK,12200
july,2018,LBK,12200
august,2018,PHA,12200
august,2018,HKK,12200
august,2018,STC,12200
august,2018,PAK,12200
august,2018,VYS,12200
august,2018,JHC,12200
august,2018,JHM,12200
august,2018,PLK,12200
august,2018,OLK,12200
august,2018,KVK,12200
august,2018,ZLK,12200
august,2018,ULK,12200
august,2018,MSK,12200
august,2018,LBK,12200
september,2018,PHA,12200
september,2018,HKK,12200
september,2018,STC,12200
september,2018,PAK,12200
september,2018,VYS,12200
september,2018,JHC,12200
september,2018,JHM,12200
september,2018,PLK,12200
september,2018,OLK,12200
september,2018,KVK,12200
september,2018,ZLK,12200
september,2018,ULK,12200
september,2018,MSK,12200
september,2018,LBK,12200
october,2018,PHA,12200
october,2018,HKK,12200
october,2018,STC,12200
october,2018,PAK,12200
october,2018,VYS,12200
october,2018,JHC,12200
october,2018,JHM,12200
october,2018,PLK,12200
october,2018,OLK,12200
october,2018,KVK,12200
october,2018,ZLK,12200
october,2018,ULK,12200
october,2018,MSK,12200
october,2018,LBK,12200
november,2018,PHA,12200
november,2018,HKK,12200
november,2018,STC,12200
november,2018,PAK,12200
november,2018,VYS,12200
november,2018,JHC,12200
november,2018,JHM,12200
november,2018,PLK,12200
november,2018,OLK,12200
november,2018,KVK,12200
november,2018,ZLK,12200
november,2018,ULK,12200
november,2018,MSK,12200
november,2018,LBK,12200
december,2018,PHA,12200
december,2018,HKK,12200
december,2018,STC,12200
december,2018,PAK,12200
december,2018,VYS,12200
december,2018,JHC,12200
december,2018,JHM,12200
december,2018,PLK,12200
december,2018,OLK,12200
december,2018,KVK,12200
december,2018,ZLK,12200
december,2018,ULK,12200
december,2018,MSK,12200
december,2018,LBK,12200
january,2019,PHA,13350
january,2019,HKK,13350
january,2019,STC,13350
january,2019,PAK,13350
january,2019,VYS,13350
january,2019,JHC,13350
january,2019,JHM,13350
january,2019,PLK,13350
january,2019,OLK,13350
january,2019,KVK,13350
january,2019,ZLK,13350
january,2019,ULK,13350
january,2019,MSK,13350
january,2019,LBK,13350
february,2019,PHA,13350
february,2019,HKK,13350
february,2019,STC,13350
february,2019,PAK,13350
february,2019,VYS,13350
february,2019,JHC,13350
february,2019,JHM,13350
february,2019,PLK,13350
february,2019,OLK,13350
february,2019,KVK,13350
february,2019,ZLK,13350
february,2019,ULK,13350
february,2019,MSK,13350
february,2019,LBK,13350
march,2019,PHA,13350
march,2019,HKK,13350
march,2019,STC,13350
march,2019,PAK,13350
march,2019,VYS,13350
march,2019,JHC,13350
march,2019,JHM,13350
march,2019,PLK,13350
march,2019,OLK,13350
march,2019,KVK,13350
march,2019,ZLK,13350
march,2019,ULK,13350
march,2019,MSK,13350
march,2019,LBK,13350
april,2019,PHA,13350
april,2019,HKK,13350
april,2019,STC,13350
april,2019,PAK,13350
april,2019,VYS,13350
april,2019,JHC,13350
april,2019,JHM,13350
april,2019,PLK,13350
april,2019,OLK,13350
april,2019,KVK,13350
april,2019,ZLK,13350
april,2019,ULK,13350
april,2019,MSK,13350
april,2019,LBK,13350
may,2019,PHA,13350
may,2019,HKK,13350
may,2019,STC,13350
may,2019,PAK,13350
may,2019,VYS,13350
may,2019,JHC,13350
may,2019,JHM,13350
may,2019,PLK,13350
may,2019,OLK,13350
may,2019,KVK,13350
may,2019,ZLK,13350
may,2019,ULK,13350
may,2019,MSK,13350
may,2019,LBK,13350
june,2019,PHA,13350
june,2019,HKK,13350
june,2019,STC,13350
june,2019,PAK,13350
june,2019,VYS,13350
june,2019,JHC,13350
june,2019,JHM,13350
june,2019,PLK,13350
june,2019,OLK,13350
june,2019,KVK,13350
june,2019,ZLK,13350
june,2019,ULK,13350
june,2019,MSK,13350
june,2019,LBK,13350
july,2019,PHA,13350
july,2019,HKK,13350
july,2019,STC,13350
july,2019,PAK,13350
july,2019,VYS,13350
july,2019,JHC,13350
july,2019,JHM,13350
july,2019,PLK,13350
july,2019,OLK,13350
july,2019,KVK,13350
july,2019,ZLK,13350
july,2019,ULK,13350
july,2019,MSK,13350
july,2019,LBK,13350
august,2019,PHA,13350
august,2019,HKK,13350
august,2019,STC,13350
august,2019,PAK,13350
august,2019,VYS,13350
august,2019,JHC,13350
august,2019,JHM,13350
august,2019,PLK,13350
august,2019,OLK,13350
august,2019,KVK,13350
august,2019,ZLK,13350
august,2019,ULK,13350
august,2019,MSK,13350
august,2019,LBK,13350
september,2019,PHA,13350
september,2019,HKK,13350
september,2019,STC,13350
september,2019,PAK,13350
september,2019,VYS,13350
september,2019,JHC,13350
september,2019,JHM,13350
september,2019,PLK,13350
september,2019,OLK,13350
september,2019,KVK,13350
september,2019,ZLK,13350
september,2019,ULK,13350
september,2019,MSK,13350
september,2019,LBK,13350
october,2019,PHA,13350
october,2019,HKK,13350
october,2019,STC,13350
october,2019,PAK,13350
october,2019,VYS,13350
october,2019,JHC,13350
october,2019,JHM,13350
october,2019,PLK,13350
october,2019,OLK,13350
october,2019,KVK,13350
october,2019,ZLK,13350
october,2019,ULK,13350
october,2019,MSK,13350
october,2019,LBK,13350
november,2019,PHA,13350
november,2019,HKK,13350
november,2019,STC,13350
november,2019,PAK,13350
november,2019,VYS,13350
november,2019,JHC,13350
november,2019,JHM,13350
november,2019,PLK,13350
november,2019,OLK,13350
november,2019,KVK,13350
november,2019,ZLK,13350
november,2019,ULK,13350
november,2019,MSK,13350
november,2019,LBK,13350
december,2019,PHA,13350
december,2019,HKK,13350
december,2019,STC,13350
december,2019,PAK,13350
december,2019,VYS,13350
december,2019,JHC,13350
december,2019,JHM,13350
december,2019,PLK,13350
december,2019,OLK,13350
december,2019,KVK,13350
december,2019,ZLK,13350
december,2019,ULK,13350
december,2019,MSK,13350
december,2019,LBK,13350
january,2020,PHA,14600
january,2020,HKK,14600
january,2020,STC,14600
january,2020,PAK,14600
january,2020,VYS,14600
january,2020,JHC,14600
january,2020,JHM,14600
january,2020,PLK,14600
january,2020,OLK,14600
january,2020,KVK,14600
january,2020,ZLK,14600
january,2020,ULK,14600
january,2020,MSK,14600
january,2020,LBK,14600
february,2020,PHA,14600
february,2020,HKK,14600
february,2020,STC,14600
february,2020,PAK,14600
february,2020,VYS,14600
february,2020,JHC,14600
february,2020,JHM,14600
february,2020,PLK,14600
february,2020,OLK,14600
february,2020,KVK,14600
february,2020,ZLK,14600
february,2020,ULK,14600
february,2020,MSK,14600
february,2020,LBK,14600
march,2020,PHA,14600
march,2020,HKK,14600
march,2020,STC,14600
march,2020,PAK,14600
march,2020,VYS,14600
march,2020,JHC,14600
march,2020,JHM,14600
march,2020,PLK,14600
march,2020,OLK,14600
march,2020,KVK,14600
march,2020,ZLK,14600
march,2020,ULK,14600
march,2020,MSK,14600
march,2020,LBK,14600
april,2020,PHA,14600
april,2020,HKK,14600
april,2020,STC,14600
april,2020,PAK,14600
april,2020,VYS,14600
april,2020,JHC,14600
april,2020,JHM,14600
april,2020,PLK,14600
april,2020,OLK,14600
april,2020,KVK,14600
april,2020,ZLK,14600
april,2020,ULK,14600
april,2020,MSK,14600
april,2020,LBK,14600
may,2020,PHA,14600
may,2020,HKK,14600
may,2020,STC,14600
may,2020,PAK,14600
may,2020,VYS,14600
may,2020,JHC,14600
may,2020,JHM,14600
may,2020,PLK,14600
may,2020,OLK,14600
may,2020,KVK,14600
may,2020,ZLK,14600
may,2020,ULK,14600
may,2020,MSK,14600
may,2020,LBK,14600
june,2020,PHA,14600
june,2020,HKK,14600
june,2020,STC,14600
june,2020,PAK,14600
june,2020,VYS,14600
june,2020,JHC,14600
june,2020,JHM,14600
june,2020,PLK,14600
june,2020,OLK,14600
june,2020,KVK,14600
june,2020,ZLK,14600
june,2020,ULK,14600
june,2020,MSK,14600
june,2020,LBK,14600
july,2020,PHA,14600
july,2020,HKK,14600
july,2020,STC,14600
july,2020,PAK,14600
july,2020,VYS,14600
july,2020,JHC,14600
july,2020,JHM,14600
july,2020,PLK,14600
july,2020,OLK,14600
july,2020,KVK,14600
july,2020,ZLK,14600
july,2020,ULK,14600
july,2020,MSK,14600
july,2020,LBK,14600
august,2020,PHA,14600
august,2020,HKK,14600
august,2020,STC,14600
august,2020,PAK,14600
august,2020,VYS,14600
august,2020,JHC,14600
august,2020,JHM,14600
august,2020,PLK,14600
august,2020,OLK,14600
august,2020,KVK,14600
august,2020,ZLK,14600
august,2020,ULK,14600
august,2020,MSK,14600
august,2020,LBK,14600
september,2020,PHA,14600
september,2020,HKK,14600
september,2020,STC,14600
september,2020,PAK,14600
september,2020,VYS,14600
september,2020,JHC,14600
september,2020,JHM,14600
september,2020,PLK,14600
september,2020,OLK,14600
september,2020,KVK,14600
september,2020,ZLK,14600
september,2020,ULK,14600
september,2020,MSK,14600
september,2020,LBK,14600
october,2020,PHA,14600
october,2020,HKK,14600
october,2020,STC,14600
october,2020,PAK,14600
october,2020,VYS,14600
october,2020,JHC,14600
october,2020,JHM,14600
october,2020,PLK,14600
october,2020,OLK,14600
october,2020,KVK,14600
october,2020,ZLK,14600
october,2020,ULK,14600
october,2020,MSK,14600
october,2020,LBK,14600
november,2020,PHA,14600
november,2020,HKK,14600
november,2020,STC,14600
november,2020,PAK,14600
november,2020,VYS,14600
november,2020,JHC,14600
november,2020,JHM,14600
november,2020,PLK,14600
november,2020,OLK,14600
november,2020,KVK,14600
november,2020,ZLK,14600
november,2020,ULK,14600
november,2020,MSK,14600
november,2020,LBK,14600
december,2020,PHA,14600
december,2020,HKK,14600
december,2020,STC,14600
december,2020,PAK,14600
december,2020,VYS,14600
december,2020,JHC,14600
december,2020,JHM,14600
december,2020,PLK,14600
december,2020,OLK,14600
december,2020,KVK,14600
december,2020,ZLK,14600
december,2020,ULK,14600
december,2020,MSK,14600
december,2020,LBK,14600
january,2021,PHA,15200
january,2021,HKK,15200
january,2021,STC,15200
january,2021,PAK,15200
january,2021,VYS,15200
january,2021,JHC,15200
january,2021,JHM,15200
january,2021,PLK,15200
january,2021,OLK,15200
january,2021,KVK,15200
january,2021,ZLK,15200
january,2021,ULK,15200
january,2021,MSK,15200
january,2021,LBK,15200
february,2021,PHA,15200
february,2021,HKK,15200
february,2021,STC,15200
february,2021,PAK,15200
february,2021,VYS,15200
february,2021,JHC,15200
february,2021,JHM,15200
february,2021,PLK,15200
february,2021,OLK,15200
february,2021,KVK,15200
february,2021,ZLK,15200
february,2021,ULK,15200
february,2021,MSK,15200
february,2021,LBK,15200
march,2021,PHA,15200
march,2021,HKK,15200
march,2021,STC,15200
march,2021,PAK,15200
march,2021,VYS,15200
march,2021,JHC,15200
march,2021,JHM,15200
march,2021,PLK,15200
march,2021,OLK,15200
march,2021,KVK,15200
march,2021,ZLK,15200
march,2021,ULK,15200
march,2021,MSK,15200
march,2021,LBK,15200
april,2021,PHA,15200
april,2021,HKK,15200
april,2021,STC,15200
april,2021,PAK,15200
april,2021,VYS,15200
april,2021,JHC,15200
april,2021,JHM,15200
april,2021,PLK,15200
april,2021,OLK,15200
april,2021,KVK,15200
april,2021,ZLK,15200
april,2021,ULK,15200
april,2021,MSK,15200
april,2021,LBK,15200
may,2021,PHA,15200
may,2021,HKK,15200
may,2021,STC,15200
may,2021,PAK,15200
may,2021,VYS,15200
may,2021,JHC,15200
may,2021,JHM,15200
may,2021,PLK,15200
may,2021,OLK,15200
may,2021,KVK,15200
may,2021,ZLK,15200
may,2021,ULK,15200
may,2021,MSK,15200
may,2021,LBK,15200
june,2021,PHA,15200
june,2021,HKK,15200
june,2021,STC,15200
june,2021,PAK,15200
june,2021,VYS,15200
june,2021,JHC,15200
june,2021,JHM,15200
june,2021,PLK,15200
june,2021,OLK,15200
june,2021,KVK,15200
june,2021,ZLK,15200
june,2021,ULK,15200
june,2021,MSK,15200
june,2021,LBK,15200
july,2021,PHA,15200
july,2021,HKK,15200
july,2021,STC,15200
july,2021,PAK,15200
july,2021,VYS,15200
july,2021,JHC,15200
july,2021,JHM,15200
july,2021,PLK,15200
july,2021,OLK,15200
july,2021,KVK,15200
july,2021,ZLK,15200
july,2021,ULK,15200
july,2021,MSK,15200
july,2021,LBK,15200
august,2021,PHA,15200
august,2021,HKK,15200
august,2021,STC,15200
august,2021,PAK,15200
august,2021,VYS,15200
august,2021,JHC,15200
august,2021,JHM,15200
august,2021,PLK,15200
august,2021,OLK,15200
august,2021,KVK,15200
august,2021,ZLK,15200
august,2021,ULK,15200
august,2021,MSK,15200
august,2021,LBK,15200
september,2021,PHA,15200
september,2021,HKK,15200
september,2021,STC,15200
september,2021,PAK,15200
september,2021,VYS,15200
september,2021,JHC,15200
september,2021,JHM,15200
september,2021,PLK,15200
september,2021,OLK,15200
september,2021,KVK,15200
september,2021,ZLK,15200
september,2021,ULK,15200
september,2021,MSK,15200
september,2021,LBK,15200
october,2021,PHA,15200
october,2021,HKK,15200
october,2021,STC,15200
october,2021,PAK,15200
october,2021,VYS,15200
october,2021,JHC,15200
october,2021,JHM,15200
october,2021,PLK,15200
october,2021,OLK,15200
october,2021,KVK,15200
october,2021,ZLK,15200
october,2021,ULK,15200
october,2021,MSK,15200
october,2021,LBK,15200
november,2021,PHA,15200
november,2021,HKK,15200
november,2021,STC,15200
november,2021,PAK,15200
november,2021,VYS,15200
november,2021,JHC,15200
november,2021,JHM,15200
november,2021,PLK,15200
november,2021,OLK,15200
november,2021,KVK,15200
november,2021,ZLK,15200
november,2021,ULK,15200
november,2021,MSK,15200
november,2021,LBK,15200
december,2021,PHA,15200
december,2021,HKK,15200
december,2021,STC,15200
december,2021,PAK,15200
december,2021,VYS,15200
december,2021,JHC,15200
december,2021,JHM,15200
december,2021,PLK,15200
december,2021,OLK,15200
december,2021,KVK,15200
december,2021,ZLK,15200
december,2021,ULK,15200
december,2021,MSK,15200
december,2021,LBK,15200
january,2022,PHA,16200
january,2022,HKK,16200
january,2022,STC,16200
january,2022,PAK,16200
january,2022,VYS,16200
january,2022,JHC,16200
january,2022,JHM,16200
january,2022,PLK,16200
january,2022,OLK,16200
january,2022,KVK,16200
january,2022,ZLK,16200
january,2022,ULK,16200
january,2022,MSK,16200
january,2022,LBK,16200
february,2022,PHA,16200
february,2022,HKK,16200
february,2022,STC,16200
february,2022,PAK,16200
february,2022,VYS,16200
february,2022,JHC,16200
february,2022,JHM,16200
february,2022,PLK,16200
february,2022,OLK,16200
february,2022,KVK,16200
february,2022,ZLK,16200
february,2022,ULK,16200
february,2022,MSK,16200
february,2022,LBK,16200
march,2022,PHA,16200
march,2022,HKK,16200
march,2022,STC,16200
march,2022,PAK,16200
march,2022,VYS,16200
march,2022,JHC,16200
march,2022,JHM,16200
march,2022,PLK,16200
march,2022,OLK,16200
march,2022,KVK,16200
march,2022,ZLK,16200
march,2022,ULK,16200
march,2022,MSK,16200
march,2022,LBK,16200
april,2022,PHA,16200
april,2022,HKK,16200
april,2022,STC,16200
april,2022,PAK,16200
april,2022,VYS,16200
april,2022,JHC,16200
april,2022,JHM,16200
april,2022,PLK,16200
april,2022,OLK,16200
april,2022,KVK,16200
april,2022,ZLK,16200
april,2022,ULK,16200
april,2022,MSK,16200
april,2022,LBK,16200
may,2022,PHA,16200
may,2022,HKK,16200
may,2022,STC,16200
may,2022,PAK,16200
may,2022,VYS,16200
may,2022,JHC,16200
may,2022,JHM,16200
may,2022,PLK,16200
may,2022,OLK,16200
may,2022,KVK,16200
may,2022,ZLK,16200
may,2022,ULK,16200
may,2022,MSK,16200
may,2022,LBK,16200
june,2022,PHA,16200
june,2022,HKK,16200
june,2022,STC,16200
june,2022,PAK,16200
june,2022,VYS,16200
june,2022,JHC,16200
june,2022,JHM,16200
june,2022,PLK,16200
june,2022,OLK,16200
june,2022,KVK,16200
june,2022,ZLK,16200
june,2022,ULK,16200
june,2022,MSK,16200
june,2022,LBK,16200
july,2022,PHA,16200
july,2022,HKK,16200
july,2022,STC,16200
july,2022,PAK,16200
july,2022,VYS,16200
july,2022,JHC,16200
july,2022,JHM,16200
july,2022,PLK,16200
july,2022,OLK,16200
july,2022,KVK,16200
july,2022,ZLK,16200
july,2022,ULK,16200
july,2022,MSK,16200
july,2022,LBK,16200
august,2022,PHA,16200
august,2022,HKK,16200
august,2022,STC,16200
august,2022,PAK,16200
august,2022,VYS,16200
august,2022,JHC,16200
august,2022,JHM,16200
august,2022,PLK,16200
august,2022,OLK,16200
august,2022,KVK,16200
august,2022,ZLK,16200
august,2022,ULK,16200
august,2022,MSK,16200
august,2022,LBK,16200
september,2022,PHA,16200
september,2022,HKK,16200
september,2022,STC,16200
september,2022,PAK,16200
september,2022,VYS,16200
september,2022,JHC,16200
september,2022,JHM,16200
september,2022,PLK,16200
september,2022,OLK,16200
september,2022,KVK,16200
september,2022,ZLK,16200
september,2022,ULK,16200
september,2022,MSK,16200
september,2022,LBK,16200
october,2022,PHA,16200
october,2022,HKK,16200
october,2022,STC,16200
october,2022,PAK,16200
october,2022,VYS,16200
october,2022,JHC,16200
october,2022,JHM,16200
october,2022,PLK,16200
october,2022,OLK,16200
october,2022,KVK,16200
october,2022,ZLK,16200
october,2022,ULK,16200
october,2022,MSK,16200
october,2022,LBK,16200
november,2022,PHA,16200
november,2022,HKK,16200
november,2022,STC,16200
november,2022,PAK,16200
november,2022,VYS,16200
november,2022,JHC,16200
november,2022,JHM,16200
november,2022,PLK,16200
november,2022,OLK,16200
november,2022,KVK,16200
november,2022,ZLK,16200
november,2022,ULK,16200
november,2022,MSK,16200
november,2022,LBK,16200
december,2022,PHA,16200
december,2022,HKK,16200
december,2022,STC,16200
december,2022,PAK,16200
december,2022,VYS,16200
december,2022,JHC,16200
december,2022,JHM,16200
december,2022,PLK,16200
december,2022,OLK,16200
december,2022,KVK,16200
december,2022,ZLK,16200
december,2022,ULK,16200
december,2022,MSK,16200
december,2022,LBK,16200
january,2023,PHA,17300
january,2023,HKK,17300
january,2023,STC,17300
january,2023,PAK,17300
january,2023,VYS,17300
january,2023,JHC,17300
january,2023,JHM,17300
january,2023,PLK,17300
january,2023,OLK,17300
january,2023,KVK,17300
january,2023,ZLK,17300
january,2023,ULK,17300
january,2023,MSK,17300
january,2023,LBK,17300
february,2023,PHA,17300
february,2023,HKK,17300
february,2023,STC,17300
february,2023,PAK,17300
february,2023,VYS,17300
february,2023,JHC,17300
february,2023,JHM,17300
february,2023,PLK,17300
february,2023,OLK,17300
february,2023,KVK,17300
february,2023,ZLK,17300
february,2023,ULK,17300
february,2023,MSK,17300
february,2023,LBK,17300
march,2023,PHA,17300
march,2023,HKK,17300
march,2023,STC,17300
march,2023,PAK,17300
march,2023,VYS,17300
march,2023,JHC,17300
march,2023,JHM,17300
march,2023,PLK,17300
march,2023,OLK,17300
march,2023,KVK,17300
march,2023,ZLK,17300
march,2023,ULK,17300
march,2023,MSK,17300
march,2023,LBK,17300
april,2023,PHA,17300
april,2023,HKK,17300
april,2023,STC,17300
april,2023,PAK,17300
april,2023,VYS,17300
april,2023,JHC,17300
april,2023,JHM,17300
april,2023,PLK,17300
april,2023,OLK,17300
april,2023,KVK,17300
april,2023,ZLK,17300
april,2023,ULK,17300
april,2023,MSK,17300
april,2023,LBK,17300
may,2023,PHA,17300
may,2023,HKK,17300
may,2023,STC,17300
may,2023,PAK,17300
may,2023,VYS,17300
may,2023,JHC,17300
may,2023,JHM,17300
may,2023,PLK,17300
may,2023,OLK,17300
may,2023,KVK,17300
may,2023,ZLK,17300
may,2023,ULK,17300
may,2023,MSK,17300
may,2023,LBK,17300
june,2023,PHA,17300
june,2023,HKK,17300
june,2023,STC,17300
june,2023,PAK,17300
june,2023,VYS,17300
june,2023,JHC,17300
june,2023,JHM,17300
june,2023,PLK,17300
june,2023,OLK,17300
june,2023,KVK,17300
june,2023,ZLK,17300
june,2023,ULK,17300
june,2023,MSK,17300
june,2023,LBK,17300
july,2023,PHA,17300
july,2023,HKK,17300
july,2023,STC,17300
july,2023,PAK,17300
july,2023,VYS,17300
july,2023,JHC,17300
july,2023,JHM,17300
july,2023,PLK,17300
july,2023,OLK,17300
july,2023,KVK,17300
july,2023,ZLK,17300
july,2023,ULK,17300
july,2023,MSK,17300
july,2023,LBK,17300
august,2023,PHA,17300
august,2023,HKK,17300
august,2023,STC,17300
august,2023,PAK,17300
august,2023,VYS,17300
august,2023,JHC,17300
august,2023,JHM,17300
august,2023,PLK,17300
august,2023,OLK,17300
august,2023,KVK,17300
august,2023,ZLK,17300
august,2023,ULK,17300
august,2023,MSK,17300
august,2023,LBK,17300
september,2023,PHA,17300
september,2023,HKK,17300
september,2023,STC,17300
september,2023,PAK,17300
september,2023,VYS,17300
september,2023,JHC,17300
september,2023,JHM,17300
september,2023,PLK,17300
september,2023,OLK,17300
september,2023,KVK,17300
september,2023,ZLK,17300
september,2023,ULK,17300
september,2023,MSK,17300
september,2023,LBK,17300
